{
  "generated_at": "2026-03-13T02:03:27+00:00",
  "run_id": "regime_expert_drp_v1_20260312_200249",
  "drp": {
    "drp_global_cv": {
      "mean": 0.12651884035898217,
      "std": 0.08402683427227596,
      "folds": [
        0.08772257833379427,
        0.15521590612118896,
        0.08970742765539041,
        0.026445827974083125,
        0.2735024617104541
      ]
    },
    "drp_gated_cv": {
      "mean": 0.13163456956485448,
      "std": 0.08059733252105136,
      "folds": [
        0.08154261029689946,
        0.14074558970318818,
        0.10220518094896336,
        0.05163873748844228,
        0.28204072938677915
      ]
    },
    "overall_mean_cv": 0.13163456956485448
  }
}